<?xml version="1.0" ?>
<manifest identifier="FfQaQzZ-WWpcK2ehtBX1oo063o3WbN8VoBPUVCl9" version="1"
  xmlns="http://www.imsproject.org/xsd/imscp_rootv1p1p2"
  xmlns:adlcp="http://www.adlnet.org/xsd/adlcp_rootv1p2"
  xmlns:xsi="http://www.w3.org/2001/XMLSchema-instance"
  xsi:schemaLocation="http://www.imsproject.org/xsd/imscp_rootv1p1p2 imscp_rootv1p1p2.xsd
                      http://www.imsglobal.org/xsd/imsmd_rootv1p2p1 imsmd_rootv1p2p1.xsd
                      http://www.adlnet.org/xsd/adlcp_rootv1p2 adlcp_rootv1p2.xsd">
  <metadata>
    <schema>ADL SCORM</schema>
    <schemaversion>1.2</schemaversion>
    <adlcp:location>metadata.xml</adlcp:location>
  </metadata>
  <organizations default="articulate_rise">
      <organization identifier="articulate_rise">
      <title>Connect Training for Instructors</title>
      <item identifier="i1" identifierref="r1" isvisible="true">
        <title>Connect Training for Instructors</title>
        <adlcp:datafromlms>eyJjcHYiOiJvQlBVVkNsOSIsInJsZCI6ZmFsc2V9</adlcp:datafromlms>
      </item>
    </organization>
  </organizations>
  <resources>
    <resource identifier="r1" type="webcontent" adlcp:scormtype="sco" href="scormdriver/indexAPI.html">
      <!-- SCORMDRIVER STUFF -->
      <file href="scormdriver/indexAPI.html" />
      <file href="scormdriver/preloadIntegrity.js" />
      <file href="scormdriver/driverOptions.js" />
      <file href="scormdriver/AICCComm.html" />
      <file href="scormdriver/auto-scripts/AutoBookmark.js" />
      <file href="scormdriver/auto-scripts/AutoCompleteSCO.js" />
      <file href="scormdriver/auto-scripts/CourseExit.js" />
      <file href="scormdriver/blank.html" />
      <file href="scormdriver/goodbye.html" />
      <file href="scormdriver/scormdriver.js" />
      <file href="scormdriver/browsersniff.js" />

      <!-- RUNTIME COMMON STUFF -->
      <file href="scormcontent/index.html" />
      <file href="scormcontent/lib/main.bundle.js"/>

      
        <file href="scormcontent/lib/fonts/icomoon.ttf"/>
        <file href="scormcontent/lib/fonts/icomoon.woff"/>

        <file href="scormcontent/lib/icomoon.css"/>
        <file href="scormcontent/lib/main.bundle.css"/>
        <file href="scormcontent/lib/player-0.0.11.min.js"/>
        <file href="scormcontent/lib/lzwcompress.js"/>
      

      <!-- RUNTIME CONTENT STUFF -->
      <file href="scormcontent/lib/fonts/Lato-Light.woff" />
<file href="scormcontent/lib/fonts/Lato-Regular.woff" />
<file href="scormcontent/lib/fonts/Lato-Bold.woff" />
<file href="scormcontent/lib/fonts/Lato-Italic.woff" />
<file href="scormcontent/lib/fonts/Lato-Black.woff" />
<file href="scormcontent/lib/fonts/Merriweather-Light.woff" />
<file href="scormcontent/lib/fonts/Merriweather-Regular.woff" />
<file href="scormcontent/lib/fonts/Merriweather-Bold.woff" />
<file href="scormcontent/lib/fonts/Merriweather-Italic.woff" />
<file href="scormcontent/lib/fonts/Merriweather-Black.woff" />
<file href="scormcontent/assets/zAd2eN1cpPOWI6TB_small.png" />
<file href="scormcontent/assets/FwrzEb24Rzas0Vja_small.png" />
<file href="scormcontent/assets/YYBlWM2q0lfthxeY_6i0ajS190OEcfw2o.jpg" />
<file href="scormcontent/assets/l4W08shnyEH-OlcB_sgIHlt6IX7OLzh-a.png" />
<file href="scormcontent/assets/PgEfkNPUWeH8DhVG_qIgb3m8tWF7ZMDzl.png" />
<file href="scormcontent/assets/EGX3605u8D_hjCZ5_xAK-53fqDxh5hKVC.png" />
<file href="scormcontent/assets/bPut_g0gy3AALA88_AOzv_IEs_dwpKYzY.png" />
<file href="scormcontent/assets/Tb_WyiH0PW3lKwXM_nzWxf0P-YezeT2Pj.jpg" />
<file href="scormcontent/assets/eW7BvJ6oHXG-1U1j_SDqiPd3t9Lvpgrrs.jpg" />
<file href="scormcontent/assets/XBmP3iMicvpv6jgm_XL2K5yGi7mNbFRWu.jpg" />
<file href="scormcontent/assets/OzaQFo0xiUqHMRUl_Pyz_GlT73b0sez6h.png" />
<file href="scormcontent/assets/FBOVb_8CRihBkewa_ksbNxlOk-nQV1M2L.png" />
<file href="scormcontent/assets/p8ztBWQoMG3Fxn5V_nKYuNR8L9JEb6sW8.png" />
<file href="scormcontent/assets/G_AP47e7x1OlTUVe_CJimiTg5a2RD-fl_.jpg" />
<file href="scormcontent/assets/K7SjuY5N-D_uD7Zx_zws8jWtftk8Pg68C.jpg" />
<file href="scormcontent/assets/3PFO0kb6M3DOPpS0_aBUFXsZMhpfLwoZs.png" />
<file href="scormcontent/assets/Fy-8gyLfXzmdwBDc_PKu3u92WE6jf8eab.jpg" />
<file href="scormcontent/assets/f1irVCfkb9aB-sVf_ek-gc8f3Etn6UYuW.jpg" />

    </resource>
  </resources>
</manifest>
